links,id,neo_reference_id,name,nasa_jpl_url,absolute_magnitude_h,estimated_diameter,is_potentially_hazardous_asteroid,close_approach_data,is_sentry_object
{'self': 'http://www.neowsapp.com/rest/v1/neo/3754386?api_key=l7LiWkmiE89Dr3pjU9pMUo1BOMa032oyfOx5dxfe'},3754386,3754386,(2016 NV),http://ssd.jpl.nasa.gov/sbdb.cgi?sstr=3754386,19.7,"{'kilometers': {'estimated_diameter_min': 0.3051792326, 'estimated_diameter_max': 0.6824015094}, 'meters': {'estimated_diameter_min': 305.1792325939, 'estimated_diameter_max': 682.4015094011}, 'miles': {'estimated_diameter_min': 0.1896295249, 'estimated_diameter_max': 0.4240245083}, 'feet': {'estimated_diameter_min': 1001.2442334633, 'estimated_diameter_max': 2238.8501681036}}",True,"[{'close_approach_date': '2016-07-05', 'close_approach_date_full': '2016-Jul-05 13:40', 'epoch_date_close_approach': 1467726000000, 'relative_velocity': {'kilometers_per_second': '9.0465464012', 'kilometers_per_hour': '32567.567044365', 'miles_per_hour': '20236.2196448722'}, 'miss_distance': {'astronomical': '0.3767797748', 'lunar': '146.5673323972', 'kilometers': '56365451.769159676', 'miles': '35023867.6510324888'}, 'orbiting_body': 'Earth'}]",False
{'self': 'http://www.neowsapp.com/rest/v1/neo/3776300?api_key=l7LiWkmiE89Dr3pjU9pMUo1BOMa032oyfOx5dxfe'},3776300,3776300,(2017 NK),http://ssd.jpl.nasa.gov/sbdb.cgi?sstr=3776300,21.2,"{'kilometers': {'estimated_diameter_min': 0.1529519353, 'estimated_diameter_max': 0.3420109247}, 'meters': {'estimated_diameter_min': 152.9519353442, 'estimated_diameter_max': 342.0109247198}, 'miles': {'estimated_diameter_min': 0.095039897, 'estimated_diameter_max': 0.2125156703}, 'feet': {'estimated_diameter_min': 501.8108275547, 'estimated_diameter_max': 1122.0831222578}}",True,"[{'close_approach_date': '2016-07-05', 'close_approach_date_full': '2016-Jul-05 13:06', 'epoch_date_close_approach': 1467723960000, 'relative_velocity': {'kilometers_per_second': '17.0938160812', 'kilometers_per_hour': '61537.7378923376', 'miles_per_hour': '38237.1571920472'}, 'miss_distance': {'astronomical': '0.4178445485', 'lunar': '162.5415293665', 'kilometers': '62508654.446711695', 'miles': '38841076.788523591'}, 'orbiting_body': 'Earth'}]",False
{'self': 'http://www.neowsapp.com/rest/v1/neo/2164202?api_key=l7LiWkmiE89Dr3pjU9pMUo1BOMa032oyfOx5dxfe'},2164202,2164202,164202 (2004 EW),http://ssd.jpl.nasa.gov/sbdb.cgi?sstr=2164202,20.8,"{'kilometers': {'estimated_diameter_min': 0.1838886721, 'estimated_diameter_max': 0.411187571}, 'meters': {'estimated_diameter_min': 183.8886720703, 'estimated_diameter_max': 411.1875710413}, 'miles': {'estimated_diameter_min': 0.1142630881, 'estimated_diameter_max': 0.2555000322}, 'feet': {'estimated_diameter_min': 603.309310875, 'estimated_diameter_max': 1349.040630575}}",True,"[{'close_approach_date': '2016-07-06', 'close_approach_date_full': '2016-Jul-06 09:25', 'epoch_date_close_approach': 1467797100000, 'relative_velocity': {'kilometers_per_second': '12.0130826082', 'kilometers_per_hour': '43247.0973893976', 'miles_per_hour': '26872.0644862065'}, 'miss_distance': {'astronomical': '0.142608323', 'lunar': '55.474637647', 'kilometers': '21333901.36507201', 'miles': '13256271.606773338'}, 'orbiting_body': 'Earth'}]",False
{'self': 'http://www.neowsapp.com/rest/v1/neo/2357022?api_key=l7LiWkmiE89Dr3pjU9pMUo1BOMa032oyfOx5dxfe'},2357022,2357022,357022 (1999 YG3),http://ssd.jpl.nasa.gov/sbdb.cgi?sstr=2357022,19.05,"{'kilometers': {'estimated_diameter_min': 0.4116754573, 'estimated_diameter_max': 0.9205343072}, 'meters': {'estimated_diameter_min': 411.6754573069, 'estimated_diameter_max': 920.5343072066}, 'miles': {'estimated_diameter_min': 0.2558031906, 'estimated_diameter_max': 0.571993323}, 'feet': {'estimated_diameter_min': 1350.6413073509, 'estimated_diameter_max': 3020.1257764558}}",True,"[{'close_approach_date': '2016-07-06', 'close_approach_date_full': '2016-Jul-06 23:24', 'epoch_date_close_approach': 1467847440000, 'relative_velocity': {'kilometers_per_second': '17.0425431241', 'kilometers_per_hour': '61353.1552467398', 'miles_per_hour': '38122.4647142868'}, 'miss_distance': {'astronomical': '0.3191614363', 'lunar': '124.1537987207', 'kilometers': '47745871.056620681', 'miles': '29667908.5553841578'}, 'orbiting_body': 'Earth'}]",False
{'self': 'http://www.neowsapp.com/rest/v1/neo/2418849?api_key=l7LiWkmiE89Dr3pjU9pMUo1BOMa032oyfOx5dxfe'},2418849,2418849,418849 (2008 WM64),http://ssd.jpl.nasa.gov/sbdb.cgi?sstr=2418849,20.47,"{'kilometers': {'estimated_diameter_min': 0.2140695897, 'estimated_diameter_max': 0.4786741544}, 'meters': {'estimated_diameter_min': 214.0695896707, 'estimated_diameter_max': 478.6741544192}, 'miles': {'estimated_diameter_min': 0.133016635, 'estimated_diameter_max': 0.297434238}, 'feet': {'estimated_diameter_min': 702.3280725753, 'estimated_diameter_max': 1570.4533127847}}",True,"[{'close_approach_date': '2016-07-07', 'close_approach_date_full': '2016-Jul-07 05:44', 'epoch_date_close_approach': 1467870240000, 'relative_velocity': {'kilometers_per_second': '18.4333056164', 'kilometers_per_hour': '66359.9002189817', 'miles_per_hour': '41233.4613332889'}, 'miss_distance': {'astronomical': '0.3287192569', 'lunar': '127.8717909341', 'kilometers': '49175700.660222803', 'miles': '30556363.4728605614'}, 'orbiting_body': 'Earth'}]",False
{'self': 'http://www.neowsapp.com/rest/v1/neo/3797861?api_key=l7LiWkmiE89Dr3pjU9pMUo1BOMa032oyfOx5dxfe'},3797861,3797861,(2018 BM3),http://ssd.jpl.nasa.gov/sbdb.cgi?sstr=3797861,21.9,"{'kilometers': {'estimated_diameter_min': 0.1108038821, 'estimated_diameter_max': 0.2477650126}, 'meters': {'estimated_diameter_min': 110.8038821264, 'estimated_diameter_max': 247.7650126055}, 'miles': {'estimated_diameter_min': 0.068850319, 'estimated_diameter_max': 0.1539539936}, 'feet': {'estimated_diameter_min': 363.5298086356, 'estimated_diameter_max': 812.8773639568}}",True,"[{'close_approach_date': '2016-07-07', 'close_approach_date_full': '2016-Jul-07 14:37', 'epoch_date_close_approach': 1467902220000, 'relative_velocity': {'kilometers_per_second': '15.7604807159', 'kilometers_per_hour': '56737.7305771594', 'miles_per_hour': '35254.6193133466'}, 'miss_distance': {'astronomical': '0.3192420224', 'lunar': '124.1851467136', 'kilometers': '47757926.565532288', 'miles': '29675399.5012620544'}, 'orbiting_body': 'Earth'}]",False
{'self': 'http://www.neowsapp.com/rest/v1/neo/2152671?api_key=l7LiWkmiE89Dr3pjU9pMUo1BOMa032oyfOx5dxfe'},2152671,2152671,152671 (1998 HL3),http://ssd.jpl.nasa.gov/sbdb.cgi?sstr=2152671,20.23,"{'kilometers': {'estimated_diameter_min': 0.2390864572, 'estimated_diameter_max': 0.5346135707}, 'meters': {'estimated_diameter_min': 239.0864571707, 'estimated_diameter_max': 534.6135707332}, 'miles': {'estimated_diameter_min': 0.148561391, 'estimated_diameter_max': 0.3321933691}, 'feet': {'estimated_diameter_min': 784.4044121439, 'estimated_diameter_max': 1753.9815874044}}",True,"[{'close_approach_date': '2016-07-08', 'close_approach_date_full': '2016-Jul-08 03:04', 'epoch_date_close_approach': 1467947040000, 'relative_velocity': {'kilometers_per_second': '7.3674136138', 'kilometers_per_hour': '26522.6890098297', 'miles_per_hour': '16480.1675128022'}, 'miss_distance': {'astronomical': '0.1984705861', 'lunar': '77.2050579929', 'kilometers': '29690776.938211607', 'miles': '18448993.2982178966'}, 'orbiting_body': 'Earth'}]",False
{'self': 'http://www.neowsapp.com/rest/v1/neo/2170086?api_key=l7LiWkmiE89Dr3pjU9pMUo1BOMa032oyfOx5dxfe'},2170086,2170086,170086 (2002 XR14),http://ssd.jpl.nasa.gov/sbdb.cgi?sstr=2170086,17.9,"{'kilometers': {'estimated_diameter_min': 0.6991252322, 'estimated_diameter_max': 1.5632915441}, 'meters': {'estimated_diameter_min': 699.1252322458, 'estimated_diameter_max': 1563.2915440869}, 'miles': {'estimated_diameter_min': 0.4344161447, 'estimated_diameter_max': 0.97138403}, 'feet': {'estimated_diameter_min': 2293.7180269613, 'estimated_diameter_max': 5128.9094295021}}",True,"[{'close_approach_date': '2016-07-09', 'close_approach_date_full': '2016-Jul-09 12:33', 'epoch_date_close_approach': 1468067580000, 'relative_velocity': {'kilometers_per_second': '24.5904745851', 'kilometers_per_hour': '88525.7085063834', 'miles_per_hour': '55006.4325994247'}, 'miss_distance': {'astronomical': '0.2610348532', 'lunar': '101.5425578948', 'kilometers': '39050258.034482684', 'miles': '24264705.1732976792'}, 'orbiting_body': 'Earth'}]",False
{'self': 'http://www.neowsapp.com/rest/v1/neo/2216523?api_key=l7LiWkmiE89Dr3pjU9pMUo1BOMa032oyfOx5dxfe'},2216523,2216523,216523 (2001 HY7),http://ssd.jpl.nasa.gov/sbdb.cgi?sstr=2216523,20.6,"{'kilometers': {'estimated_diameter_min': 0.2016299194, 'estimated_diameter_max': 0.4508582062}, 'meters': {'estimated_diameter_min': 201.6299194428, 'estimated_diameter_max': 450.8582061718}, 'miles': {'estimated_diameter_min': 0.1252869847, 'estimated_diameter_max': 0.2801502144}, 'feet': {'estimated_diameter_min': 661.5155049046, 'estimated_diameter_max': 1479.1936371367}}",True,"[{'close_approach_date': '2016-07-09', 'close_approach_date_full': '2016-Jul-09 03:12', 'epoch_date_close_approach': 1468033920000, 'relative_velocity': {'kilometers_per_second': '13.7945060863', 'kilometers_per_hour': '49660.2219107801', 'miles_per_hour': '30856.9306645067'}, 'miss_distance': {'astronomical': '0.1154017042', 'lunar': '44.8912629338', 'kilometers': '17263849.142690054', 'miles': '10727258.4276845852'}, 'orbiting_body': 'Earth'}]",False
{'self': 'http://www.neowsapp.com/rest/v1/neo/2453729?api_key=l7LiWkmiE89Dr3pjU9pMUo1BOMa032oyfOx5dxfe'},2453729,2453729,453729 (2011 BO24),http://ssd.jpl.nasa.gov/sbdb.cgi?sstr=2453729,18.87,"{'kilometers': {'estimated_diameter_min': 0.4472547654, 'estimated_diameter_max': 1.0000920588}, 'meters': {'estimated_diameter_min': 447.2547654325, 'estimated_diameter_max': 1000.0920587679}, 'miles': {'estimated_diameter_min': 0.2779111409, 'estimated_diameter_max': 0.6214282026}, 'feet': {'estimated_diameter_min': 1467.3713246217, 'estimated_diameter_max': 3281.1420300879}}",True,"[{'close_approach_date': '2016-07-09', 'close_approach_date_full': '2016-Jul-09 21:24', 'epoch_date_close_approach': 1468099440000, 'relative_velocity': {'kilometers_per_second': '13.237623264', 'kilometers_per_hour': '47655.4437503813', 'miles_per_hour': '29611.23947923'}, 'miss_distance': {'astronomical': '0.1789908485', 'lunar': '69.6274400665', 'kilometers': '26776649.685092695', 'miles': '16638238.588941391'}, 'orbiting_body': 'Earth'}]",False
{'self': 'http://www.neowsapp.com/rest/v1/neo/3753695?api_key=l7LiWkmiE89Dr3pjU9pMUo1BOMa032oyfOx5dxfe'},3753695,3753695,(2016 LN1),http://ssd.jpl.nasa.gov/sbdb.cgi?sstr=3753695,19.9,"{'kilometers': {'estimated_diameter_min': 0.2783267681, 'estimated_diameter_max': 0.6223575734}, 'meters': {'estimated_diameter_min': 278.3267680719, 'estimated_diameter_max': 622.3575733667}, 'miles': {'estimated_diameter_min': 0.1729441822, 'estimated_diameter_max': 0.3867149477}, 'feet': {'estimated_diameter_min': 913.1455937611, 'estimated_diameter_max': 2041.8556210042}}",True,"[{'close_approach_date': '2016-07-09', 'close_approach_date_full': '2016-Jul-09 01:48', 'epoch_date_close_approach': 1468028880000, 'relative_velocity': {'kilometers_per_second': '19.8015378703', 'kilometers_per_hour': '71285.5363330328', 'miles_per_hour': '44294.0600620448'}, 'miss_distance': {'astronomical': '0.3592536767', 'lunar': '139.7496802363', 'kilometers': '53743584.823988629', 'miles': '33394715.0761119202'}, 'orbiting_body': 'Earth'}]",False
{'self': 'http://www.neowsapp.com/rest/v1/neo/2189040?api_key=l7LiWkmiE89Dr3pjU9pMUo1BOMa032oyfOx5dxfe'},2189040,2189040,189040 (2000 MU1),http://ssd.jpl.nasa.gov/sbdb.cgi?sstr=2189040,19.88,"{'kilometers': {'estimated_diameter_min': 0.2809020939, 'estimated_diameter_max': 0.6281161771}, 'meters': {'estimated_diameter_min': 280.902093949, 'estimated_diameter_max': 628.116177092}, 'miles': {'estimated_diameter_min': 0.174544415, 'estimated_diameter_max': 0.3902931771}, 'feet': {'estimated_diameter_min': 921.5948259116, 'estimated_diameter_max': 2060.7486784504}}",True,"[{'close_approach_date': '2016-07-10', 'close_approach_date_full': '2016-Jul-10 07:56', 'epoch_date_close_approach': 1468137360000, 'relative_velocity': {'kilometers_per_second': '22.7148947221', 'kilometers_per_hour': '81773.6209996241', 'miles_per_hour': '50810.9480039053'}, 'miss_distance': {'astronomical': '0.4432091794', 'lunar': '172.4083707866', 'kilometers': '66303149.202687878', 'miles': '41198866.4977255964'}, 'orbiting_body': 'Earth'}]",False
{'self': 'http://www.neowsapp.com/rest/v1/neo/3672669?api_key=l7LiWkmiE89Dr3pjU9pMUo1BOMa032oyfOx5dxfe'},3672669,3672669,(2014 KZ45),http://ssd.jpl.nasa.gov/sbdb.cgi?sstr=3672669,20.3,"{'kilometers': {'estimated_diameter_min': 0.2315021222, 'estimated_diameter_max': 0.5176544822}, 'meters': {'estimated_diameter_min': 231.5021222103, 'estimated_diameter_max': 517.6544821978}, 'miles': {'estimated_diameter_min': 0.1438487052, 'estimated_diameter_max': 0.3216554833}, 'feet': {'estimated_diameter_min': 759.5214226325, 'estimated_diameter_max': 1698.3415313737}}",True,"[{'close_approach_date': '2016-07-10', 'close_approach_date_full': '2016-Jul-10 11:09', 'epoch_date_close_approach': 1468148940000, 'relative_velocity': {'kilometers_per_second': '16.2270785402', 'kilometers_per_hour': '58417.4827446217', 'miles_per_hour': '36298.3519865123'}, 'miss_distance': {'astronomical': '0.1886096138', 'lunar': '73.3691397682', 'kilometers': '28215596.486002606', 'miles': '17532358.6701277228'}, 'orbiting_body': 'Earth'}]",False
{'self': 'http://www.neowsapp.com/rest/v1/neo/2471323?api_key=l7LiWkmiE89Dr3pjU9pMUo1BOMa032oyfOx5dxfe'},2471323,2471323,471323 (2011 KW15),http://ssd.jpl.nasa.gov/sbdb.cgi?sstr=2471323,19.39,"{'kilometers': {'estimated_diameter_min': 0.3520099801, 'estimated_diameter_max': 0.7871182442}, 'meters': {'estimated_diameter_min': 352.0099800547, 'estimated_diameter_max': 787.1182441607}, 'miles': {'estimated_diameter_min': 0.2187287933, 'estimated_diameter_max': 0.4890924505}, 'feet': {'estimated_diameter_min': 1154.8884229628, 'estimated_diameter_max': 2582.4090201723}}",True,"[{'close_approach_date': '2016-07-14', 'close_approach_date_full': '2016-Jul-14 14:27', 'epoch_date_close_approach': 1468506420000, 'relative_velocity': {'kilometers_per_second': '13.9487982802', 'kilometers_per_hour': '50215.6738085983', 'miles_per_hour': '31202.0668729038'}, 'miss_distance': {'astronomical': '0.2700128911', 'lunar': '105.0350146379', 'kilometers': '40393353.381101957', 'miles': '25099265.9225907266'}, 'orbiting_body': 'Earth'}]",False
{'self': 'http://www.neowsapp.com/rest/v1/neo/3367027?api_key=l7LiWkmiE89Dr3pjU9pMUo1BOMa032oyfOx5dxfe'},3367027,3367027,(2007 BJ29),http://ssd.jpl.nasa.gov/sbdb.cgi?sstr=3367027,18.7,"{'kilometers': {'estimated_diameter_min': 0.4836764882, 'estimated_diameter_max': 1.0815335068}, 'meters': {'estimated_diameter_min': 483.6764882185, 'estimated_diameter_max': 1081.533506775}, 'miles': {'estimated_diameter_min': 0.3005425432, 'estimated_diameter_max': 0.6720335566}, 'feet': {'estimated_diameter_min': 1586.8651696069, 'estimated_diameter_max': 3548.3383903678}}",True,"[{'close_approach_date': '2016-07-14', 'close_approach_date_full': '2016-Jul-14 11:26', 'epoch_date_close_approach': 1468495560000, 'relative_velocity': {'kilometers_per_second': '18.1156093539', 'kilometers_per_hour': '65216.1936741102', 'miles_per_hour': '40522.8065637825'}, 'miss_distance': {'astronomical': '0.4852988356', 'lunar': '188.7812470484', 'kilometers': '72599672.119240172', 'miles': '45111344.4140594936'}, 'orbiting_body': 'Earth'}]",False
{'self': 'http://www.neowsapp.com/rest/v1/neo/3621700?api_key=l7LiWkmiE89Dr3pjU9pMUo1BOMa032oyfOx5dxfe'},3621700,3621700,(2012 YO3),http://ssd.jpl.nasa.gov/sbdb.cgi?sstr=3621700,21.2,"{'kilometers': {'estimated_diameter_min': 0.1529519353, 'estimated_diameter_max': 0.3420109247}, 'meters': {'estimated_diameter_min': 152.9519353442, 'estimated_diameter_max': 342.0109247198}, 'miles': {'estimated_diameter_min': 0.095039897, 'estimated_diameter_max': 0.2125156703}, 'feet': {'estimated_diameter_min': 501.8108275547, 'estimated_diameter_max': 1122.0831222578}}",True,"[{'close_approach_date': '2016-07-15', 'close_approach_date_full': '2016-Jul-15 10:02', 'epoch_date_close_approach': 1468576920000, 'relative_velocity': {'kilometers_per_second': '28.85972575', 'kilometers_per_hour': '103895.0126998304', 'miles_per_hour': '64556.3205300696'}, 'miss_distance': {'astronomical': '0.4472427061', 'lunar': '173.9774126729', 'kilometers': '66906556.205596007', 'miles': '41573806.2231466166'}, 'orbiting_body': 'Earth'}]",False
{'self': 'http://www.neowsapp.com/rest/v1/neo/3757411?api_key=l7LiWkmiE89Dr3pjU9pMUo1BOMa032oyfOx5dxfe'},3757411,3757411,(2016 PZ39),http://ssd.jpl.nasa.gov/sbdb.cgi?sstr=3757411,19.4,"{'kilometers': {'estimated_diameter_min': 0.3503926411, 'estimated_diameter_max': 0.7835017643}, 'meters': {'estimated_diameter_min': 350.3926411083, 'estimated_diameter_max': 783.5017643338}, 'miles': {'estimated_diameter_min': 0.2177238258, 'estimated_diameter_max': 0.4868452748}, 'feet': {'estimated_diameter_min': 1149.5821926537, 'estimated_diameter_max': 2570.543928497}}",True,"[{'close_approach_date': '2016-07-15', 'close_approach_date_full': '2016-Jul-15 11:27', 'epoch_date_close_approach': 1468582020000, 'relative_velocity': {'kilometers_per_second': '22.1341755483', 'kilometers_per_hour': '79683.0319738807', 'miles_per_hour': '49511.9372839927'}, 'miss_distance': {'astronomical': '0.1097292325', 'lunar': '42.6846714425', 'kilometers': '16415259.458734775', 'miles': '10199969.248798895'}, 'orbiting_body': 'Earth'}]",False
{'self': 'http://www.neowsapp.com/rest/v1/neo/54106307?api_key=l7LiWkmiE89Dr3pjU9pMUo1BOMa032oyfOx5dxfe'},54106307,54106307,(2021 BW),http://ssd.jpl.nasa.gov/sbdb.cgi?sstr=54106307,20.6,"{'kilometers': {'estimated_diameter_min': 0.2016299194, 'estimated_diameter_max': 0.4508582062}, 'meters': {'estimated_diameter_min': 201.6299194428, 'estimated_diameter_max': 450.8582061718}, 'miles': {'estimated_diameter_min': 0.1252869847, 'estimated_diameter_max': 0.2801502144}, 'feet': {'estimated_diameter_min': 661.5155049046, 'estimated_diameter_max': 1479.1936371367}}",True,"[{'close_approach_date': '2016-07-15', 'close_approach_date_full': '2016-Jul-15 05:06', 'epoch_date_close_approach': 1468559160000, 'relative_velocity': {'kilometers_per_second': '34.1059847181', 'kilometers_per_hour': '122781.5449851089', 'miles_per_hour': '76291.6772158861'}, 'miss_distance': {'astronomical': '0.4275471658', 'lunar': '166.3158474962', 'kilometers': '63960145.328216846', 'miles': '39742991.3999546348'}, 'orbiting_body': 'Earth'}]",False
{'self': 'http://www.neowsapp.com/rest/v1/neo/2487577?api_key=l7LiWkmiE89Dr3pjU9pMUo1BOMa032oyfOx5dxfe'},2487577,2487577,487577 (2014 YQ15),http://ssd.jpl.nasa.gov/sbdb.cgi?sstr=2487577,21.2,"{'kilometers': {'estimated_diameter_min': 0.1529519353, 'estimated_diameter_max': 0.3420109247}, 'meters': {'estimated_diameter_min': 152.9519353442, 'estimated_diameter_max': 342.0109247198}, 'miles': {'estimated_diameter_min': 0.095039897, 'estimated_diameter_max': 0.2125156703}, 'feet': {'estimated_diameter_min': 501.8108275547, 'estimated_diameter_max': 1122.0831222578}}",True,"[{'close_approach_date': '2016-07-16', 'close_approach_date_full': '2016-Jul-16 03:21', 'epoch_date_close_approach': 1468639260000, 'relative_velocity': {'kilometers_per_second': '9.0483465309', 'kilometers_per_hour': '32574.0475112813', 'miles_per_hour': '20240.2463549959'}, 'miss_distance': {'astronomical': '0.2673182136', 'lunar': '103.9867850904', 'kilometers': '39990235.366765032', 'miles': '24848780.0036681616'}, 'orbiting_body': 'Earth'}]",False
{'self': 'http://www.neowsapp.com/rest/v1/neo/2523808?api_key=l7LiWkmiE89Dr3pjU9pMUo1BOMa032oyfOx5dxfe'},2523808,2523808,523808 (2007 ML24),http://ssd.jpl.nasa.gov/sbdb.cgi?sstr=2523808,19.3,"{'kilometers': {'estimated_diameter_min': 0.3669061375, 'estimated_diameter_max': 0.8204270649}, 'meters': {'estimated_diameter_min': 366.9061375314, 'estimated_diameter_max': 820.4270648822}, 'miles': {'estimated_diameter_min': 0.2279848336, 'estimated_diameter_max': 0.5097895857}, 'feet': {'estimated_diameter_min': 1203.7603322587, 'estimated_diameter_max': 2691.6899315481}}",True,"[{'close_approach_date': '2016-07-16', 'close_approach_date_full': '2016-Jul-16 14:23', 'epoch_date_close_approach': 1468678980000, 'relative_velocity': {'kilometers_per_second': '26.6113930737', 'kilometers_per_hour': '95801.0150653906', 'miles_per_hour': '59527.0251666034'}, 'miss_distance': {'astronomical': '0.4680721122', 'lunar': '182.0800516458', 'kilometers': '70022590.991521014', 'miles': '43510020.4556734332'}, 'orbiting_body': 'Earth'}]",False
{'self': 'http://www.neowsapp.com/rest/v1/neo/3370167?api_key=l7LiWkmiE89Dr3pjU9pMUo1BOMa032oyfOx5dxfe'},3370167,3370167,(2007 EF),http://ssd.jpl.nasa.gov/sbdb.cgi?sstr=3370167,21.4,"{'kilometers': {'estimated_diameter_min': 0.1394938229, 'estimated_diameter_max': 0.3119176705}, 'meters': {'estimated_diameter_min': 139.4938229344, 'estimated_diameter_max': 311.9176705226}, 'miles': {'estimated_diameter_min': 0.0866774163, 'estimated_diameter_max': 0.1938165949}, 'feet': {'estimated_diameter_min': 457.6569140361, 'estimated_diameter_max': 1023.3519701574}}",True,"[{'close_approach_date': '2016-07-16', 'close_approach_date_full': '2016-Jul-16 21:27', 'epoch_date_close_approach': 1468704420000, 'relative_velocity': {'kilometers_per_second': '15.643726245', 'kilometers_per_hour': '56317.4144819737', 'miles_per_hour': '34993.4512374242'}, 'miss_distance': {'astronomical': '0.3952116876', 'lunar': '153.7373464764', 'kilometers': '59122826.664065412', 'miles': '36737220.9614782056'}, 'orbiting_body': 'Earth'}]",False
{'self': 'http://www.neowsapp.com/rest/v1/neo/2613726?api_key=l7LiWkmiE89Dr3pjU9pMUo1BOMa032oyfOx5dxfe'},2613726,2613726,613726 (2007 EF),http://ssd.jpl.nasa.gov/sbdb.cgi?sstr=2613726,21.34,"{'kilometers': {'estimated_diameter_min': 0.1434019235, 'estimated_diameter_max': 0.320656449}, 'meters': {'estimated_diameter_min': 143.4019234645, 'estimated_diameter_max': 320.6564489709}, 'miles': {'estimated_diameter_min': 0.0891057966, 'estimated_diameter_max': 0.1992466184}, 'feet': {'estimated_diameter_min': 470.4787665793, 'estimated_diameter_max': 1052.0225040417}}",True,"[{'close_approach_date': '2016-07-16', 'close_approach_date_full': '2016-Jul-16 21:27', 'epoch_date_close_approach': 1468704420000, 'relative_velocity': {'kilometers_per_second': '15.6437266502', 'kilometers_per_hour': '56317.4159406725', 'miles_per_hour': '34993.4521438029'}, 'miss_distance': {'astronomical': '0.3952116877', 'lunar': '153.7373465153', 'kilometers': '59122826.679025199', 'miles': '36737220.9707737862'}, 'orbiting_body': 'Earth'}]",False
{'self': 'http://www.neowsapp.com/rest/v1/neo/2439437?api_key=l7LiWkmiE89Dr3pjU9pMUo1BOMa032oyfOx5dxfe'},2439437,2439437,439437 (2013 NK4),http://ssd.jpl.nasa.gov/sbdb.cgi?sstr=2439437,18.7,"{'kilometers': {'estimated_diameter_min': 0.4836764882, 'estimated_diameter_max': 1.0815335068}, 'meters': {'estimated_diameter_min': 483.6764882185, 'estimated_diameter_max': 1081.533506775}, 'miles': {'estimated_diameter_min': 0.3005425432, 'estimated_diameter_max': 0.6720335566}, 'feet': {'estimated_diameter_min': 1586.8651696069, 'estimated_diameter_max': 3548.3383903678}}",True,"[{'close_approach_date': '2016-07-17', 'close_approach_date_full': '2016-Jul-17 20:55', 'epoch_date_close_approach': 1468788900000, 'relative_velocity': {'kilometers_per_second': '12.1073923044', 'kilometers_per_hour': '43586.612295719', 'miles_per_hour': '27083.0258456372'}, 'miss_distance': {'astronomical': '0.4737282209', 'lunar': '184.2802779301', 'kilometers': '70868732.805529483', 'miles': '44035788.5987055454'}, 'orbiting_body': 'Earth'}]",False
{'self': 'http://www.neowsapp.com/rest/v1/neo/3421513?api_key=l7LiWkmiE89Dr3pjU9pMUo1BOMa032oyfOx5dxfe'},3421513,3421513,(2008 OX1),http://ssd.jpl.nasa.gov/sbdb.cgi?sstr=3421513,21.5,"{'kilometers': {'estimated_diameter_min': 0.1332155667, 'estimated_diameter_max': 0.2978790628}, 'meters': {'estimated_diameter_min': 133.2155666981, 'estimated_diameter_max': 297.8790627982}, 'miles': {'estimated_diameter_min': 0.0827762899, 'estimated_diameter_max': 0.1850934111}, 'feet': {'estimated_diameter_min': 437.0589598459, 'estimated_diameter_max': 977.2935443908}}",True,"[{'close_approach_date': '2016-07-17', 'close_approach_date_full': '2016-Jul-17 04:40', 'epoch_date_close_approach': 1468730400000, 'relative_velocity': {'kilometers_per_second': '15.0468074122', 'kilometers_per_hour': '54168.5066839434', 'miles_per_hour': '33658.2035003647'}, 'miss_distance': {'astronomical': '0.3372697702', 'lunar': '131.1979406078', 'kilometers': '50454839.237309474', 'miles': '31351183.3283757812'}, 'orbiting_body': 'Earth'}]",False
{'self': 'http://www.neowsapp.com/rest/v1/neo/2138404?api_key=l7LiWkmiE89Dr3pjU9pMUo1BOMa032oyfOx5dxfe'},2138404,2138404,138404 (2000 HA24),http://ssd.jpl.nasa.gov/sbdb.cgi?sstr=2138404,19.36,"{'kilometers': {'estimated_diameter_min': 0.3569069267, 'estimated_diameter_max': 0.7980681497}, 'meters': {'estimated_diameter_min': 356.9069266704, 'estimated_diameter_max': 798.0681496756}, 'miles': {'estimated_diameter_min': 0.2217716139, 'estimated_diameter_max': 0.4958964042}, 'feet': {'estimated_diameter_min': 1170.9545212975, 'estimated_diameter_max': 2618.3339081818}}",True,"[{'close_approach_date': '2016-07-18', 'close_approach_date_full': '2016-Jul-18 06:53', 'epoch_date_close_approach': 1468824780000, 'relative_velocity': {'kilometers_per_second': '8.715905866', 'kilometers_per_hour': '31377.2611174776', 'miles_per_hour': '19496.6098315793'}, 'miss_distance': {'astronomical': '0.4508720136', 'lunar': '175.3892132904', 'kilometers': '67449492.877171032', 'miles': '41911171.4270309616'}, 'orbiting_body': 'Earth'}]",False
{'self': 'http://www.neowsapp.com/rest/v1/neo/3831884?api_key=l7LiWkmiE89Dr3pjU9pMUo1BOMa032oyfOx5dxfe'},3831884,3831884,(2018 UY),http://ssd.jpl.nasa.gov/sbdb.cgi?sstr=3831884,20.6,"{'kilometers': {'estimated_diameter_min': 0.2016299194, 'estimated_diameter_max': 0.4508582062}, 'meters': {'estimated_diameter_min': 201.6299194428, 'estimated_diameter_max': 450.8582061718}, 'miles': {'estimated_diameter_min': 0.1252869847, 'estimated_diameter_max': 0.2801502144}, 'feet': {'estimated_diameter_min': 661.5155049046, 'estimated_diameter_max': 1479.1936371367}}",True,"[{'close_approach_date': '2016-07-18', 'close_approach_date_full': '2016-Jul-18 12:30', 'epoch_date_close_approach': 1468845000000, 'relative_velocity': {'kilometers_per_second': '20.4542663658', 'kilometers_per_hour': '73635.3589168818', 'miles_per_hour': '45754.1484336591'}, 'miss_distance': {'astronomical': '0.1372223423', 'lunar': '53.3794911547', 'kilometers': '20528170.124490901', 'miles': '12755613.4297043938'}, 'orbiting_body': 'Earth'}]",False
{'self': 'http://www.neowsapp.com/rest/v1/neo/2152828?api_key=l7LiWkmiE89Dr3pjU9pMUo1BOMa032oyfOx5dxfe'},2152828,2152828,152828 (1999 VT25),http://ssd.jpl.nasa.gov/sbdb.cgi?sstr=2152828,21.1,"{'kilometers': {'estimated_diameter_min': 0.160160338, 'estimated_diameter_max': 0.358129403}, 'meters': {'estimated_diameter_min': 160.1603379786, 'estimated_diameter_max': 358.1294030194}, 'miles': {'estimated_diameter_min': 0.0995189894, 'estimated_diameter_max': 0.2225312253}, 'feet': {'estimated_diameter_min': 525.4604432536, 'estimated_diameter_max': 1174.9652706022}}",True,"[{'close_approach_date': '2016-07-19', 'close_approach_date_full': '2016-Jul-19 13:10', 'epoch_date_close_approach': 1468933800000, 'relative_velocity': {'kilometers_per_second': '21.5351350825', 'kilometers_per_hour': '77526.4862970468', 'miles_per_hour': '48171.9436660733'}, 'miss_distance': {'astronomical': '0.1946987058', 'lunar': '75.7377965562', 'kilometers': '29126511.679436646', 'miles': '18098375.1247958748'}, 'orbiting_body': 'Earth'}]",False
{'self': 'http://www.neowsapp.com/rest/v1/neo/3843572?api_key=l7LiWkmiE89Dr3pjU9pMUo1BOMa032oyfOx5dxfe'},3843572,3843572,(2019 QG),http://ssd.jpl.nasa.gov/sbdb.cgi?sstr=3843572,21.7,"{'kilometers': {'estimated_diameter_min': 0.1214940408, 'estimated_diameter_max': 0.2716689341}, 'meters': {'estimated_diameter_min': 121.4940407996, 'estimated_diameter_max': 271.6689340891}, 'miles': {'estimated_diameter_min': 0.0754928736, 'estimated_diameter_max': 0.1688071972}, 'feet': {'estimated_diameter_min': 398.6025088171, 'estimated_diameter_max': 891.3023057169}}",True,"[{'close_approach_date': '2016-07-19', 'close_approach_date_full': '2016-Jul-19 19:20', 'epoch_date_close_approach': 1468956000000, 'relative_velocity': {'kilometers_per_second': '8.5603314966', 'kilometers_per_hour': '30817.19338762', 'miles_per_hour': '19148.6055246575'}, 'miss_distance': {'astronomical': '0.0613580052', 'lunar': '23.8682640228', 'kilometers': '9179026.885368924', 'miles': '5703582.8279181912'}, 'orbiting_body': 'Earth'}]",False
{'self': 'http://www.neowsapp.com/rest/v1/neo/3754438?api_key=l7LiWkmiE89Dr3pjU9pMUo1BOMa032oyfOx5dxfe'},3754438,3754438,(2016 NG15),http://ssd.jpl.nasa.gov/sbdb.cgi?sstr=3754438,20.62,"{'kilometers': {'estimated_diameter_min': 0.1997813652, 'estimated_diameter_max': 0.4467247133}, 'meters': {'estimated_diameter_min': 199.78136523, 'estimated_diameter_max': 446.7247132921}, 'miles': {'estimated_diameter_min': 0.1241383467, 'estimated_diameter_max': 0.2775817818}, 'feet': {'estimated_diameter_min': 655.4506943013, 'estimated_diameter_max': 1465.6323083572}}",True,"[{'close_approach_date': '2016-07-20', 'close_approach_date_full': '2016-Jul-20 06:15', 'epoch_date_close_approach': 1468995300000, 'relative_velocity': {'kilometers_per_second': '14.4247610735', 'kilometers_per_hour': '51929.1398647634', 'miles_per_hour': '32266.7480454137'}, 'miss_distance': {'astronomical': '0.3035705161', 'lunar': '118.0889307629', 'kilometers': '45413502.603360707', 'miles': '28218642.0019114766'}, 'orbiting_body': 'Earth'}]",False
{'self': 'http://www.neowsapp.com/rest/v1/neo/54161318?api_key=l7LiWkmiE89Dr3pjU9pMUo1BOMa032oyfOx5dxfe'},54161318,54161318,(2021 MJ),http://ssd.jpl.nasa.gov/sbdb.cgi?sstr=54161318,20.45,"{'kilometers': {'estimated_diameter_min': 0.2160503512, 'estimated_diameter_max': 0.4831032718}, 'meters': {'estimated_diameter_min': 216.0503511964, 'estimated_diameter_max': 483.1032718379}, 'miles': {'estimated_diameter_min': 0.1342474228, 'estimated_diameter_max': 0.3001863631}, 'feet': {'estimated_diameter_min': 708.8266342193, 'estimated_diameter_max': 1584.9845383766}}",True,"[{'close_approach_date': '2016-07-20', 'close_approach_date_full': '2016-Jul-20 10:19', 'epoch_date_close_approach': 1469009940000, 'relative_velocity': {'kilometers_per_second': '22.7479730014', 'kilometers_per_hour': '81892.7028052078', 'miles_per_hour': '50884.9408069359'}, 'miss_distance': {'astronomical': '0.4873072003', 'lunar': '189.5625009167', 'kilometers': '72900119.200543361', 'miles': '45298033.5734899418'}, 'orbiting_body': 'Earth'}]",False
{'self': 'http://www.neowsapp.com/rest/v1/neo/54161861?api_key=l7LiWkmiE89Dr3pjU9pMUo1BOMa032oyfOx5dxfe'},54161861,54161861,(2021 MK1),http://ssd.jpl.nasa.gov/sbdb.cgi?sstr=54161861,21.32,"{'kilometers': {'estimated_diameter_min': 0.1447288051, 'estimated_diameter_max': 0.3236234466}, 'meters': {'estimated_diameter_min': 144.7288051255, 'estimated_diameter_max': 323.623446563}, 'miles': {'estimated_diameter_min': 0.0899302824, 'estimated_diameter_max': 0.2010902246}, 'feet': {'estimated_diameter_min': 474.832053008, 'estimated_diameter_max': 1061.7567484217}}",True,"[{'close_approach_date': '2016-07-20', 'close_approach_date_full': '2016-Jul-20 11:48', 'epoch_date_close_approach': 1469015280000, 'relative_velocity': {'kilometers_per_second': '17.7157502871', 'kilometers_per_hour': '63776.701033672', 'miles_per_hour': '39628.3618172836'}, 'miss_distance': {'astronomical': '0.4533074556', 'lunar': '176.3366002284', 'kilometers': '67813829.812879572', 'miles': '42137559.9011072136'}, 'orbiting_body': 'Earth'}]",False
{'self': 'http://www.neowsapp.com/rest/v1/neo/2359369?api_key=l7LiWkmiE89Dr3pjU9pMUo1BOMa032oyfOx5dxfe'},2359369,2359369,359369 (2009 YG),http://ssd.jpl.nasa.gov/sbdb.cgi?sstr=2359369,18.4,"{'kilometers': {'estimated_diameter_min': 0.5553349116, 'estimated_diameter_max': 1.2417666126}, 'meters': {'estimated_diameter_min': 555.334911581, 'estimated_diameter_max': 1241.766612574}, 'miles': {'estimated_diameter_min': 0.3450690093, 'estimated_diameter_max': 0.7715977618}, 'feet': {'estimated_diameter_min': 1821.9649913114, 'estimated_diameter_max': 4074.0375731972}}",True,"[{'close_approach_date': '2016-07-21', 'close_approach_date_full': '2016-Jul-21 18:41', 'epoch_date_close_approach': 1469126460000, 'relative_velocity': {'kilometers_per_second': '24.8380331466', 'kilometers_per_hour': '89416.9193276286', 'miles_per_hour': '55560.1963455479'}, 'miss_distance': {'astronomical': '0.1725392869', 'lunar': '67.1177826041', 'kilometers': '25811509.811558903', 'miles': '16038528.4804547414'}, 'orbiting_body': 'Earth'}]",False
{'self': 'http://www.neowsapp.com/rest/v1/neo/3756949?api_key=l7LiWkmiE89Dr3pjU9pMUo1BOMa032oyfOx5dxfe'},3756949,3756949,(2016 PF8),http://ssd.jpl.nasa.gov/sbdb.cgi?sstr=3756949,21.3,"{'kilometers': {'estimated_diameter_min': 0.1460679643, 'estimated_diameter_max': 0.3266178974}, 'meters': {'estimated_diameter_min': 146.0679642714, 'estimated_diameter_max': 326.6178974458}, 'miles': {'estimated_diameter_min': 0.090762397, 'estimated_diameter_max': 0.2029508896}, 'feet': {'estimated_diameter_min': 479.2256199, 'estimated_diameter_max': 1071.581062656}}",True,"[{'close_approach_date': '2016-07-21', 'close_approach_date_full': '2016-Jul-21 09:28', 'epoch_date_close_approach': 1469093280000, 'relative_velocity': {'kilometers_per_second': '14.2078756424', 'kilometers_per_hour': '51148.3523127282', 'miles_per_hour': '31781.5970245394'}, 'miss_distance': {'astronomical': '0.1356667805', 'lunar': '52.7743776145', 'kilometers': '20295461.392557535', 'miles': '12611014.928802583'}, 'orbiting_body': 'Earth'}]",False
{'self': 'http://www.neowsapp.com/rest/v1/neo/3776549?api_key=l7LiWkmiE89Dr3pjU9pMUo1BOMa032oyfOx5dxfe'},3776549,3776549,(2017 NS5),http://ssd.jpl.nasa.gov/sbdb.cgi?sstr=3776549,20.8,"{'kilometers': {'estimated_diameter_min': 0.1838886721, 'estimated_diameter_max': 0.411187571}, 'meters': {'estimated_diameter_min': 183.8886720703, 'estimated_diameter_max': 411.1875710413}, 'miles': {'estimated_diameter_min': 0.1142630881, 'estimated_diameter_max': 0.2555000322}, 'feet': {'estimated_diameter_min': 603.309310875, 'estimated_diameter_max': 1349.040630575}}",True,"[{'close_approach_date': '2016-07-21', 'close_approach_date_full': '2016-Jul-21 14:36', 'epoch_date_close_approach': 1469111760000, 'relative_velocity': {'kilometers_per_second': '21.2265935014', 'kilometers_per_hour': '76415.7366051613', 'miles_per_hour': '47481.767003357'}, 'miss_distance': {'astronomical': '0.1732273764', 'lunar': '67.3854494196', 'kilometers': '25914446.535128268', 'miles': '16102490.3945273784'}, 'orbiting_body': 'Earth'}]",False
{'self': 'http://www.neowsapp.com/rest/v1/neo/2164207?api_key=l7LiWkmiE89Dr3pjU9pMUo1BOMa032oyfOx5dxfe'},2164207,2164207,164207 (2004 GU9),http://ssd.jpl.nasa.gov/sbdb.cgi?sstr=2164207,21.23,"{'kilometers': {'estimated_diameter_min': 0.1508533561, 'estimated_diameter_max': 0.3373183589}, 'meters': {'estimated_diameter_min': 150.8533561176, 'estimated_diameter_max': 337.3183589129}, 'miles': {'estimated_diameter_min': 0.0937359007, 'estimated_diameter_max': 0.209599846}, 'feet': {'estimated_diameter_min': 494.9257248848, 'estimated_diameter_max': 1106.6875646559}}",True,"[{'close_approach_date': '2016-07-23', 'close_approach_date_full': '2016-Jul-23 05:12', 'epoch_date_close_approach': 1469250720000, 'relative_velocity': {'kilometers_per_second': '4.7160743876', 'kilometers_per_hour': '16977.8677954973', 'miles_per_hour': '10549.3867977078'}, 'miss_distance': {'astronomical': '0.2672254099', 'lunar': '103.9506844511', 'kilometers': '39976352.130916913', 'miles': '24840153.3609348794'}, 'orbiting_body': 'Earth'}]",False
{'self': 'http://www.neowsapp.com/rest/v1/neo/2162173?api_key=l7LiWkmiE89Dr3pjU9pMUo1BOMa032oyfOx5dxfe'},2162173,2162173,162173 Ryugu (1999 JU3),http://ssd.jpl.nasa.gov/sbdb.cgi?sstr=2162173,19.38,"{'kilometers': {'estimated_diameter_min': 0.3536347843, 'estimated_diameter_max': 0.7907514169}, 'meters': {'estimated_diameter_min': 353.6347842986, 'estimated_diameter_max': 790.7514169001}, 'miles': {'estimated_diameter_min': 0.2197383996, 'estimated_diameter_max': 0.4913499987}, 'feet': {'estimated_diameter_min': 1160.2191457181, 'estimated_diameter_max': 2594.3288786225}}",True,"[{'close_approach_date': '2016-07-24', 'close_approach_date_full': '2016-Jul-24 20:22', 'epoch_date_close_approach': 1469391720000, 'relative_velocity': {'kilometers_per_second': '6.771613066', 'kilometers_per_hour': '24377.8070377507', 'miles_per_hour': '15147.4212674291'}, 'miss_distance': {'astronomical': '0.3964141275', 'lunar': '154.2050955975', 'kilometers': '59302709.111908425', 'miles': '36848994.731549265'}, 'orbiting_body': 'Earth'}]",False
{'self': 'http://www.neowsapp.com/rest/v1/neo/3285304?api_key=l7LiWkmiE89Dr3pjU9pMUo1BOMa032oyfOx5dxfe'},3285304,3285304,(2005 OD3),http://ssd.jpl.nasa.gov/sbdb.cgi?sstr=3285304,21.2,"{'kilometers': {'estimated_diameter_min': 0.1529519353, 'estimated_diameter_max': 0.3420109247}, 'meters': {'estimated_diameter_min': 152.9519353442, 'estimated_diameter_max': 342.0109247198}, 'miles': {'estimated_diameter_min': 0.095039897, 'estimated_diameter_max': 0.2125156703}, 'feet': {'estimated_diameter_min': 501.8108275547, 'estimated_diameter_max': 1122.0831222578}}",True,"[{'close_approach_date': '2016-07-24', 'close_approach_date_full': '2016-Jul-24 07:27', 'epoch_date_close_approach': 1469345220000, 'relative_velocity': {'kilometers_per_second': '21.6544966841', 'kilometers_per_hour': '77956.1880628669', 'miles_per_hour': '48438.9436327297'}, 'miss_distance': {'astronomical': '0.314006142', 'lunar': '122.148389238', 'kilometers': '46974650.01011754', 'miles': '29188694.018560452'}, 'orbiting_body': 'Earth'}]",False
{'self': 'http://www.neowsapp.com/rest/v1/neo/3621805?api_key=l7LiWkmiE89Dr3pjU9pMUo1BOMa032oyfOx5dxfe'},3621805,3621805,(2012 YY6),http://ssd.jpl.nasa.gov/sbdb.cgi?sstr=3621805,21.3,"{'kilometers': {'estimated_diameter_min': 0.1460679643, 'estimated_diameter_max': 0.3266178974}, 'meters': {'estimated_diameter_min': 146.0679642714, 'estimated_diameter_max': 326.6178974458}, 'miles': {'estimated_diameter_min': 0.090762397, 'estimated_diameter_max': 0.2029508896}, 'feet': {'estimated_diameter_min': 479.2256199, 'estimated_diameter_max': 1071.581062656}}",True,"[{'close_approach_date': '2016-07-24', 'close_approach_date_full': '2016-Jul-24 09:39', 'epoch_date_close_approach': 1469353140000, 'relative_velocity': {'kilometers_per_second': '21.1591254722', 'kilometers_per_hour': '76172.8517000554', 'miles_per_hour': '47330.8477688483'}, 'miss_distance': {'astronomical': '0.4781604317', 'lunar': '186.0044079313', 'kilometers': '71531782.100600479', 'miles': '44447788.3259814502'}, 'orbiting_body': 'Earth'}]",False
{'self': 'http://www.neowsapp.com/rest/v1/neo/2471241?api_key=l7LiWkmiE89Dr3pjU9pMUo1BOMa032oyfOx5dxfe'},2471241,2471241,471241 (2011 BX18),http://ssd.jpl.nasa.gov/sbdb.cgi?sstr=2471241,18.24,"{'kilometers': {'estimated_diameter_min': 0.5977987142, 'estimated_diameter_max': 1.3367185619}, 'meters': {'estimated_diameter_min': 597.7987142312, 'estimated_diameter_max': 1336.7185618828}, 'miles': {'estimated_diameter_min': 0.3714547849, 'estimated_diameter_max': 0.8305981495}, 'feet': {'estimated_diameter_min': 1961.2819335981, 'estimated_diameter_max': 4385.5597265676}}",True,"[{'close_approach_date': '2016-07-25', 'close_approach_date_full': '2016-Jul-25 17:50', 'epoch_date_close_approach': 1469469000000, 'relative_velocity': {'kilometers_per_second': '16.234467186', 'kilometers_per_hour': '58444.0818696508', 'miles_per_hour': '36314.8796483949'}, 'miss_distance': {'astronomical': '0.1353062881', 'lunar': '52.6341460709', 'kilometers': '20241532.497366347', 'miles': '12577505.0672037086'}, 'orbiting_body': 'Earth'}]",False
{'self': 'http://www.neowsapp.com/rest/v1/neo/3423024?api_key=l7LiWkmiE89Dr3pjU9pMUo1BOMa032oyfOx5dxfe'},3423024,3423024,(2008 PF1),http://ssd.jpl.nasa.gov/sbdb.cgi?sstr=3423024,22.0,"{'kilometers': {'estimated_diameter_min': 0.1058168859, 'estimated_diameter_max': 0.2366137501}, 'meters': {'estimated_diameter_min': 105.8168859331, 'estimated_diameter_max': 236.6137501138}, 'miles': {'estimated_diameter_min': 0.0657515442, 'estimated_diameter_max': 0.1470249225}, 'feet': {'estimated_diameter_min': 347.1682720448, 'estimated_diameter_max': 776.2918559233}}",True,"[{'close_approach_date': '2016-07-25', 'close_approach_date_full': '2016-Jul-25 08:59', 'epoch_date_close_approach': 1469437140000, 'relative_velocity': {'kilometers_per_second': '27.7535037043', 'kilometers_per_hour': '99912.6133353259', 'miles_per_hour': '62081.8124360529'}, 'miss_distance': {'astronomical': '0.4576659437', 'lunar': '178.0320520993', 'kilometers': '68465850.349059919', 'miles': '42542706.6753841222'}, 'orbiting_body': 'Earth'}]",False
{'self': 'http://www.neowsapp.com/rest/v1/neo/3753590?api_key=l7LiWkmiE89Dr3pjU9pMUo1BOMa032oyfOx5dxfe'},3753590,3753590,(2016 JT38),http://ssd.jpl.nasa.gov/sbdb.cgi?sstr=3753590,20.3,"{'kilometers': {'estimated_diameter_min': 0.2315021222, 'estimated_diameter_max': 0.5176544822}, 'meters': {'estimated_diameter_min': 231.5021222103, 'estimated_diameter_max': 517.6544821978}, 'miles': {'estimated_diameter_min': 0.1438487052, 'estimated_diameter_max': 0.3216554833}, 'feet': {'estimated_diameter_min': 759.5214226325, 'estimated_diameter_max': 1698.3415313737}}",True,"[{'close_approach_date': '2016-07-25', 'close_approach_date_full': '2016-Jul-25 19:58', 'epoch_date_close_approach': 1469476680000, 'relative_velocity': {'kilometers_per_second': '12.5572596593', 'kilometers_per_hour': '45206.1347735246', 'miles_per_hour': '28089.3341319159'}, 'miss_distance': {'astronomical': '0.1810593551', 'lunar': '70.4320891339', 'kilometers': '27086093.866533637', 'miles': '16830518.2871607106'}, 'orbiting_body': 'Earth'}]",False
{'self': 'http://www.neowsapp.com/rest/v1/neo/2411165?api_key=l7LiWkmiE89Dr3pjU9pMUo1BOMa032oyfOx5dxfe'},2411165,2411165,411165 (2010 DF1),http://ssd.jpl.nasa.gov/sbdb.cgi?sstr=2411165,21.98,"{'kilometers': {'estimated_diameter_min': 0.1067959975, 'estimated_diameter_max': 0.2388031102}, 'meters': {'estimated_diameter_min': 106.7959975236, 'estimated_diameter_max': 238.8031101878}, 'miles': {'estimated_diameter_min': 0.0663599358, 'estimated_diameter_max': 0.1483853274}, 'feet': {'estimated_diameter_min': 350.3805805155, 'estimated_diameter_max': 783.4747960285}}",True,"[{'close_approach_date': '2016-07-27', 'close_approach_date_full': '2016-Jul-27 01:35', 'epoch_date_close_approach': 1469583300000, 'relative_velocity': {'kilometers_per_second': '11.7751326595', 'kilometers_per_hour': '42390.4775742565', 'miles_per_hour': '26339.7942460707'}, 'miss_distance': {'astronomical': '0.2930840426', 'lunar': '114.0096925714', 'kilometers': '43844748.503949262', 'miles': '27243863.4056213356'}, 'orbiting_body': 'Earth'}]",False
{'self': 'http://www.neowsapp.com/rest/v1/neo/3757573?api_key=l7LiWkmiE89Dr3pjU9pMUo1BOMa032oyfOx5dxfe'},3757573,3757573,(2016 OP5),http://ssd.jpl.nasa.gov/sbdb.cgi?sstr=3757573,20.8,"{'kilometers': {'estimated_diameter_min': 0.1838886721, 'estimated_diameter_max': 0.411187571}, 'meters': {'estimated_diameter_min': 183.8886720703, 'estimated_diameter_max': 411.1875710413}, 'miles': {'estimated_diameter_min': 0.1142630881, 'estimated_diameter_max': 0.2555000322}, 'feet': {'estimated_diameter_min': 603.309310875, 'estimated_diameter_max': 1349.040630575}}",True,"[{'close_approach_date': '2016-07-28', 'close_approach_date_full': '2016-Jul-28 08:21', 'epoch_date_close_approach': 1469694060000, 'relative_velocity': {'kilometers_per_second': '12.9532070699', 'kilometers_per_hour': '46631.5454516281', 'miles_per_hour': '28975.0288946519'}, 'miss_distance': {'astronomical': '0.1400510979', 'lunar': '54.4798770831', 'kilometers': '20951345.937001473', 'miles': '13018562.6864794074'}, 'orbiting_body': 'Earth'}]",False
{'self': 'http://www.neowsapp.com/rest/v1/neo/3591721?api_key=l7LiWkmiE89Dr3pjU9pMUo1BOMa032oyfOx5dxfe'},3591721,3591721,(2011 YH28),http://ssd.jpl.nasa.gov/sbdb.cgi?sstr=3591721,20.55,"{'kilometers': {'estimated_diameter_min': 0.2063264836, 'estimated_diameter_max': 0.4613600429}, 'meters': {'estimated_diameter_min': 206.3264835999, 'estimated_diameter_max': 461.3600428879}, 'miles': {'estimated_diameter_min': 0.1282052934, 'estimated_diameter_max': 0.2866757512}, 'feet': {'estimated_diameter_min': 676.9241804539, 'estimated_diameter_max': 1513.6484831083}}",True,"[{'close_approach_date': '2016-07-29', 'close_approach_date_full': '2016-Jul-29 23:41', 'epoch_date_close_approach': 1469835660000, 'relative_velocity': {'kilometers_per_second': '31.9127873288', 'kilometers_per_hour': '114886.0343836721', 'miles_per_hour': '71385.7139757878'}, 'miss_distance': {'astronomical': '0.4741500712', 'lunar': '184.4443776968', 'kilometers': '70931840.711868344', 'miles': '44075002.0333533872'}, 'orbiting_body': 'Earth'}]",False
{'self': 'http://www.neowsapp.com/rest/v1/neo/3350633?api_key=l7LiWkmiE89Dr3pjU9pMUo1BOMa032oyfOx5dxfe'},3350633,3350633,(2006 TU7),http://ssd.jpl.nasa.gov/sbdb.cgi?sstr=3350633,21.9,"{'kilometers': {'estimated_diameter_min': 0.1108038821, 'estimated_diameter_max': 0.2477650126}, 'meters': {'estimated_diameter_min': 110.8038821264, 'estimated_diameter_max': 247.7650126055}, 'miles': {'estimated_diameter_min': 0.068850319, 'estimated_diameter_max': 0.1539539936}, 'feet': {'estimated_diameter_min': 363.5298086356, 'estimated_diameter_max': 812.8773639568}}",True,"[{'close_approach_date': '2016-07-30', 'close_approach_date_full': '2016-Jul-30 10:13', 'epoch_date_close_approach': 1469873580000, 'relative_velocity': {'kilometers_per_second': '23.2004212001', 'kilometers_per_hour': '83521.516320369', 'miles_per_hour': '51897.0221825093'}, 'miss_distance': {'astronomical': '0.3268399674', 'lunar': '127.1407473186', 'kilometers': '48894562.953909438', 'miles': '30381672.6026807244'}, 'orbiting_body': 'Earth'}]",False
{'self': 'http://www.neowsapp.com/rest/v1/neo/2613569?api_key=l7LiWkmiE89Dr3pjU9pMUo1BOMa032oyfOx5dxfe'},2613569,2613569,613569 (2006 TU7),http://ssd.jpl.nasa.gov/sbdb.cgi?sstr=2613569,21.87,"{'kilometers': {'estimated_diameter_min': 0.1123453177, 'estimated_diameter_max': 0.2512117673}, 'meters': {'estimated_diameter_min': 112.3453176718, 'estimated_diameter_max': 251.2117672679}, 'miles': {'estimated_diameter_min': 0.0698081224, 'estimated_diameter_max': 0.156095707}, 'feet': {'estimated_diameter_min': 368.5870120303, 'estimated_diameter_max': 824.1856145234}}",True,"[{'close_approach_date': '2016-07-30', 'close_approach_date_full': '2016-Jul-30 10:13', 'epoch_date_close_approach': 1469873580000, 'relative_velocity': {'kilometers_per_second': '23.2004211978', 'kilometers_per_hour': '83521.5163121549', 'miles_per_hour': '51897.0221774053'}, 'miss_distance': {'astronomical': '0.3268399674', 'lunar': '127.1407473186', 'kilometers': '48894562.953909438', 'miles': '30381672.6026807244'}, 'orbiting_body': 'Earth'}]",False
